<?xml version="1.0"?>
<!DOCTYPE service-builder PUBLIC "-//Liferay//DTD Service Builder 7.3.0//EN" "http://www.liferay.com/dtd/liferay-service-builder_7_3_0.dtd">

<service-builder dependency-injector="ds" package-path="com.liferay.training.gradebook" auto-namespace-tables="true">
	<author>hgrahul</author>
	<namespace>Gradebook</namespace>
	<entity name="Assignment" local-service="true" remote-service="true">
		<!-- PK fields -->
		<column name="assignmentId" primary="true" type="long"></column>

		<!-- Group instance -->
		<column name="groupId" type="long"></column>

		<!-- Audit fields -->
		<column name="companyId" type="long"></column>
		<column name="userId" type="long"></column>
		<column name="userName" type="String"></column>
		<column name="createDate" type="Date"></column>
		<column name="modifiedDate" type="Date"></column>
		
		<!-- Assignment Related Fields -->
		<column type="String" name="title" localized="true"/>
		<column type="String" name="description" localized="true"/>
		<column type="Date" name="dueDate"/>

        <!-- Ascending Order By Title -->
        <order by="asc">
            <order-column name="title"></order-column>
        </order>

        <!-- Finder Based On GroupId or Site -->
        <finder name="GroupId" return-type="Collection">
            <finder-column name="groupId"></finder-column>
        </finder>

		<!-- Reference To Group Entity Services -->
		<reference entity="Group" package-path="com.liferay.portal"/>
		
		<!-- Integration With Asset Framework For Search and Asset Publisher -->
		<reference entity="AssetEntry" package-path="com.liferay.portlet.asset"/>
		<reference entity="AssetLink" package-path="com.liferay.portlet.asset"/>
		<reference entity="AssetTag" package-path="com.liferay.portlet.asset"/>						
	</entity>
	<exceptions>
		<exception>AssignmentValidation</exception>
	</exceptions>
</service-builder>